ProductID,ProductPhotoID,Primary,ModifiedDate
1,1,1,Mar 31 2008 12:00AM
2,1,1,Mar 31 2008 12:00AM
3,1,1,Mar 31 2008 12:00AM
4,1,1,Mar 31 2008 12:00AM
316,1,1,Mar 31 2008 12:00AM
317,1,1,Mar 31 2008 12:00AM
318,1,1,Mar 31 2008 12:00AM
319,1,1,Mar 31 2008 12:00AM
320,1,1,Mar 31 2008 12:00AM
321,1,1,Mar 31 2008 12:00AM
322,1,1,Mar 31 2008 12:00AM
323,1,1,Mar 31 2008 12:00AM
324,1,1,Mar 31 2008 12:00AM
325,1,1,Mar 31 2008 12:00AM
326,1,1,Mar 31 2008 12:00AM
327,1,1,Mar 31 2008 12:00AM
328,1,1,Mar 31 2008 12:00AM
329,1,1,Mar 31 2008 12:00AM
330,1,1,Mar 31 2008 12:00AM
331,1,1,Mar 31 2008 12:00AM
332,160,1,Mar 31 2008 12:00AM
341,1,1,Mar 31 2008 12:00AM
342,1,1,Mar 31 2008 12:00AM
343,1,1,Mar 31 2008 12:00AM
344,1,1,Mar 31 2008 12:00AM
345,1,1,Mar 31 2008 12:00AM
346,1,1,Mar 31 2008 12:00AM
347,1,1,Mar 31 2008 12:00AM
348,1,1,Mar 31 2008 12:00AM
349,1,1,Mar 31 2008 12:00AM
350,1,1,Mar 31 2008 12:00AM
351,1,1,Mar 31 2008 12:00AM
352,1,1,Mar 31 2008 12:00AM
355,1,1,Mar 31 2008 12:00AM
356,1,1,Mar 31 2008 12:00AM
357,1,1,Mar 31 2008 12:00AM
358,1,1,Mar 31 2008 12:00AM
359,1,1,Mar 31 2008 12:00AM
360,1,1,Mar 31 2008 12:00AM
361,1,1,Mar 31 2008 12:00AM
362,1,1,Mar 31 2008 12:00AM
363,1,1,Mar 31 2008 12:00AM
364,1,1,Mar 31 2008 12:00AM
365,1,1,Mar 31 2008 12:00AM
366,1,1,Mar 31 2008 12:00AM
367,1,1,Mar 31 2008 12:00AM
368,1,1,Mar 31 2008 12:00AM
369,1,1,Mar 31 2008 12:00AM
370,1,1,Mar 31 2008 12:00AM
371,1,1,Mar 31 2008 12:00AM
372,1,1,Mar 31 2008 12:00AM
373,1,1,Mar 31 2008 12:00AM
374,1,1,Mar 31 2008 12:00AM
375,1,1,Mar 31 2008 12:00AM
376,1,1,Mar 31 2008 12:00AM
377,1,1,Mar 31 2008 12:00AM
378,1,1,Mar 31 2008 12:00AM
379,1,1,Mar 31 2008 12:00AM
380,1,1,Mar 31 2008 12:00AM
381,1,1,Mar 31 2008 12:00AM
382,1,1,Mar 31 2008 12:00AM
383,1,1,Mar 31 2008 12:00AM
384,1,1,Mar 31 2008 12:00AM
385,1,1,Mar 31 2008 12:00AM
386,1,1,Mar 31 2008 12:00AM
387,1,1,Mar 31 2008 12:00AM
388,1,1,Mar 31 2008 12:00AM
389,1,1,Mar 31 2008 12:00AM
390,1,1,Mar 31 2008 12:00AM
391,1,1,Mar 31 2008 12:00AM
392,1,1,Mar 31 2008 12:00AM
393,1,1,Mar 31 2008 12:00AM
394,1,1,Mar 31 2008 12:00AM
395,1,1,Mar 31 2008 12:00AM
396,1,1,Mar 31 2008 12:00AM
397,1,1,Mar 31 2008 12:00AM
398,1,1,Mar 31 2008 12:00AM
399,1,1,Mar 31 2008 12:00AM
400,1,1,Mar 31 2008 12:00AM
401,1,1,Mar 31 2008 12:00AM
402,1,1,Mar 31 2008 12:00AM
403,1,1,Mar 31 2008 12:00AM
404,1,1,Mar 31 2008 12:00AM
405,1,1,Mar 31 2008 12:00AM
406,1,1,Mar 31 2008 12:00AM
407,1,1,Mar 31 2008 12:00AM
408,1,1,Mar 31 2008 12:00AM
409,1,1,Mar 31 2008 12:00AM
410,1,1,Mar 31 2008 12:00AM
411,1,1,Mar 31 2008 12:00AM
412,1,1,Mar 31 2008 12:00AM
413,1,1,Mar 31 2008 12:00AM
414,1,1,Mar 31 2008 12:00AM
415,1,1,Mar 31 2008 12:00AM
416,1,1,Mar 31 2008 12:00AM
417,1,1,Mar 31 2008 12:00AM
418,1,1,Mar 31 2008 12:00AM
419,1,1,Mar 31 2008 12:00AM
420,1,1,Mar 31 2008 12:00AM
421,1,1,Mar 31 2008 12:00AM
422,1,1,Mar 31 2008 12:00AM
423,1,1,Mar 31 2008 12:00AM
424,1,1,Mar 31 2008 12:00AM
425,1,1,Mar 31 2008 12:00AM
426,1,1,Mar 31 2008 12:00AM
427,1,1,Mar 31 2008 12:00AM
428,1,1,Mar 31 2008 12:00AM
429,1,1,Mar 31 2008 12:00AM
430,1,1,Mar 31 2008 12:00AM
431,1,1,Mar 31 2008 12:00AM
432,1,1,Mar 31 2008 12:00AM
433,1,1,Mar 31 2008 12:00AM
434,1,1,Mar 31 2008 12:00AM
435,1,1,Mar 31 2008 12:00AM
436,1,1,Mar 31 2008 12:00AM
437,1,1,Mar 31 2008 12:00AM
438,1,1,Mar 31 2008 12:00AM
439,1,1,Mar 31 2008 12:00AM
440,1,1,Mar 31 2008 12:00AM
441,1,1,Mar 31 2008 12:00AM
442,1,1,Mar 31 2008 12:00AM
443,1,1,Mar 31 2008 12:00AM
444,1,1,Mar 31 2008 12:00AM
445,1,1,Mar 31 2008 12:00AM
446,1,1,Mar 31 2008 12:00AM
447,1,1,Mar 31 2008 12:00AM
448,1,1,Mar 31 2008 12:00AM
449,1,1,Mar 31 2008 12:00AM
450,1,1,Mar 31 2008 12:00AM
451,1,1,Mar 31 2008 12:00AM
452,1,1,Mar 31 2008 12:00AM
453,1,1,Mar 31 2008 12:00AM
454,1,1,Mar 31 2008 12:00AM
455,1,1,Mar 31 2008 12:00AM
456,1,1,Mar 31 2008 12:00AM
457,1,1,Mar 31 2008 12:00AM
458,1,1,Mar 31 2008 12:00AM
459,1,1,Mar 31 2008 12:00AM
460,1,1,Mar 31 2008 12:00AM
461,1,1,Mar 31 2008 12:00AM
462,1,1,Mar 31 2008 12:00AM
463,1,1,Mar 31 2008 12:00AM
464,1,1,Mar 31 2008 12:00AM
465,1,1,Mar 31 2008 12:00AM
466,1,1,Mar 31 2008 12:00AM
467,1,1,Mar 31 2008 12:00AM
468,1,1,Mar 31 2008 12:00AM
469,1,1,Mar 31 2008 12:00AM
470,1,1,Mar 31 2008 12:00AM
471,1,1,Mar 31 2008 12:00AM
472,1,1,Mar 31 2008 12:00AM
473,1,1,Mar 31 2008 12:00AM
474,1,1,Mar 31 2008 12:00AM
475,1,1,Mar 31 2008 12:00AM
476,1,1,Mar 31 2008 12:00AM
477,1,1,Mar 31 2008 12:00AM
478,1,1,Mar 31 2008 12:00AM
479,1,1,Mar 31 2008 12:00AM
480,1,1,Mar 31 2008 12:00AM
481,1,1,Mar 31 2008 12:00AM
482,1,1,Mar 31 2008 12:00AM
483,1,1,Mar 31 2008 12:00AM
484,1,1,Mar 31 2008 12:00AM
485,1,1,Mar 31 2008 12:00AM
486,1,1,Mar 31 2008 12:00AM
487,1,1,Mar 31 2008 12:00AM
488,1,1,Mar 31 2008 12:00AM
489,1,1,Mar 31 2008 12:00AM
490,1,1,Mar 31 2008 12:00AM
491,1,1,Mar 31 2008 12:00AM
492,1,1,Mar 31 2008 12:00AM
493,1,1,Mar 31 2008 12:00AM
494,1,1,Mar 31 2008 12:00AM
495,1,1,Mar 31 2008 12:00AM
496,1,1,Mar 31 2008 12:00AM
497,1,1,Mar 31 2008 12:00AM
504,1,1,Mar 31 2008 12:00AM
505,1,1,Mar 31 2008 12:00AM
506,1,1,Mar 31 2008 12:00AM
507,1,1,Mar 31 2008 12:00AM
508,1,1,Mar 31 2008 12:00AM
509,1,1,Mar 31 2008 12:00AM
510,1,1,Mar 31 2008 12:00AM
511,1,1,Mar 31 2008 12:00AM
512,1,1,Mar 31 2008 12:00AM
513,1,1,Mar 31 2008 12:00AM
514,1,1,Mar 31 2008 12:00AM
515,1,1,Mar 31 2008 12:00AM
516,1,1,Mar 31 2008 12:00AM
517,1,1,Mar 31 2008 12:00AM
518,1,1,Mar 31 2008 12:00AM
519,1,1,Mar 31 2008 12:00AM
520,1,1,Mar 31 2008 12:00AM
521,1,1,Mar 31 2008 12:00AM
522,1,1,Mar 31 2008 12:00AM
523,1,1,Mar 31 2008 12:00AM
524,1,1,Mar 31 2008 12:00AM
525,1,1,Mar 31 2008 12:00AM
526,1,1,Mar 31 2008 12:00AM
527,1,1,Mar 31 2008 12:00AM
528,1,1,Mar 31 2008 12:00AM
529,1,1,Mar 31 2008 12:00AM
530,1,1,Mar 31 2008 12:00AM
531,1,1,Mar 31 2008 12:00AM
532,1,1,Mar 31 2008 12:00AM
533,1,1,Mar 31 2008 12:00AM
534,1,1,Mar 31 2008 12:00AM
535,1,1,Mar 31 2008 12:00AM
679,1,1,Mar 31 2008 12:00AM
680,1,1,Mar 31 2008 12:00AM
706,1,1,Mar 31 2008 12:00AM
707,1,1,May  1 2011 12:00AM
708,1,1,May  1 2011 12:00AM
709,1,1,May  1 2011 12:00AM
710,1,1,May  1 2011 12:00AM
711,1,1,May  1 2011 12:00AM
712,1,1,May  1 2011 12:00AM
713,162,1,May  1 2011 12:00AM
714,162,1,May  1 2011 12:00AM
715,162,1,May  1 2011 12:00AM
716,162,1,May  1 2011 12:00AM
717,1,1,May  1 2011 12:00AM
718,1,1,May  1 2011 12:00AM
719,1,1,May  1 2011 12:00AM
720,1,1,May  1 2011 12:00AM
721,1,1,May  1 2011 12:00AM
722,1,1,May  1 2011 12:00AM
723,1,1,May  1 2011 12:00AM
724,1,1,May  1 2011 12:00AM
725,1,1,May  1 2011 12:00AM
726,1,1,May  1 2011 12:00AM
727,1,1,May  1 2011 12:00AM
728,1,1,May  1 2011 12:00AM
729,1,1,May  1 2011 12:00AM
730,1,1,May  1 2011 12:00AM
731,1,1,May  1 2011 12:00AM
732,1,1,May  1 2011 12:00AM
733,1,1,May  1 2011 12:00AM
734,1,1,May  1 2011 12:00AM
735,1,1,May  1 2011 12:00AM
736,1,1,May  1 2011 12:00AM
737,1,1,May  1 2011 12:00AM
738,1,1,May  1 2011 12:00AM
739,143,1,May  1 2011 12:00AM
740,143,1,May  1 2011 12:00AM
741,143,1,May  1 2011 12:00AM
742,143,1,May  1 2011 12:00AM
743,139,1,May  1 2011 12:00AM
744,139,1,May  1 2011 12:00AM
745,139,1,May  1 2011 12:00AM
746,139,1,May  1 2011 12:00AM
747,139,1,May  1 2011 12:00AM
748,143,1,May  1 2011 12:00AM
749,126,1,May  1 2011 12:00AM
750,126,1,May  1 2011 12:00AM
751,126,1,May  1 2011 12:00AM
752,126,1,May  1 2011 12:00AM
753,126,1,May  1 2011 12:00AM
754,111,1,May  1 2011 12:00AM
755,111,1,May  1 2011 12:00AM
756,111,1,May  1 2011 12:00AM
757,111,1,May  1 2011 12:00AM
758,111,1,May  1 2011 12:00AM
759,126,1,May  1 2011 12:00AM
760,126,1,May  1 2011 12:00AM
761,126,1,May  1 2011 12:00AM
762,126,1,May  1 2011 12:00AM
763,126,1,May  1 2011 12:00AM
764,126,1,May  1 2011 12:00AM
765,118,1,May  1 2011 12:00AM
766,118,1,May  1 2011 12:00AM
767,118,1,May  1 2011 12:00AM
768,118,1,May  1 2011 12:00AM
769,118,1,May  1 2011 12:00AM
770,118,1,May  1 2011 12:00AM
771,128,1,May  1 2011 12:00AM
772,128,1,May  1 2011 12:00AM
773,128,1,May  1 2011 12:00AM
774,128,1,May  1 2011 12:00AM
775,118,1,May  1 2011 12:00AM
776,118,1,May  1 2011 12:00AM
777,118,1,May  1 2011 12:00AM
778,118,1,May  1 2011 12:00AM
779,84,1,Apr 30 2012 12:00AM
780,84,1,Apr 30 2012 12:00AM
781,84,1,Apr 30 2012 12:00AM
782,78,1,Apr 30 2012 12:00AM
783,78,1,Apr 30 2012 12:00AM
784,78,1,Apr 30 2012 12:00AM
785,78,1,Apr 30 2012 12:00AM
786,78,1,Apr 30 2012 12:00AM
787,78,1,Apr 30 2012 12:00AM
788,78,1,Apr 30 2012 12:00AM
789,179,1,Apr 30 2012 12:00AM
790,179,1,Apr 30 2012 12:00AM
791,179,1,Apr 30 2012 12:00AM
792,179,1,Apr 30 2012 12:00AM
793,177,1,Apr 30 2012 12:00AM
794,177,1,Apr 30 2012 12:00AM
795,177,1,Apr 30 2012 12:00AM
796,177,1,Apr 30 2012 12:00AM
797,131,1,Apr 30 2012 12:00AM
798,131,1,Apr 30 2012 12:00AM
799,131,1,Apr 30 2012 12:00AM
800,131,1,Apr 30 2012 12:00AM
801,131,1,Apr 30 2012 12:00AM
802,138,1,Apr 30 2012 12:00AM
803,138,1,Apr 30 2012 12:00AM
804,138,1,Apr 30 2012 12:00AM
805,1,1,Apr 30 2012 12:00AM
806,1,1,Apr 30 2012 12:00AM
807,1,1,Apr 30 2012 12:00AM
808,145,1,Apr 30 2012 12:00AM
809,1,1,Apr 30 2012 12:00AM
810,1,1,Apr 30 2012 12:00AM
811,1,1,Apr 30 2012 12:00AM
812,1,1,Apr 30 2012 12:00AM
813,1,1,Apr 30 2012 12:00AM
814,1,1,Apr 30 2012 12:00AM
815,160,1,Apr 30 2012 12:00AM
816,160,1,Apr 30 2012 12:00AM
817,160,1,Apr 30 2012 12:00AM
818,160,1,Apr 30 2012 12:00AM
819,160,1,Apr 30 2012 12:00AM
820,160,1,Apr 30 2012 12:00AM
821,160,1,Apr 30 2012 12:00AM
822,1,1,Apr 30 2012 12:00AM
823,160,1,Apr 30 2012 12:00AM
824,160,1,Apr 30 2012 12:00AM
825,160,1,Apr 30 2012 12:00AM
826,160,1,Apr 30 2012 12:00AM
827,160,1,Apr 30 2012 12:00AM
828,160,1,Apr 30 2012 12:00AM
829,160,1,Apr 30 2012 12:00AM
830,1,1,Apr 30 2012 12:00AM
831,1,1,Apr 30 2012 12:00AM
832,1,1,Apr 30 2012 12:00AM
833,1,1,Apr 30 2012 12:00AM
834,1,1,Apr 30 2012 12:00AM
835,1,1,Apr 30 2012 12:00AM
836,1,1,Apr 30 2012 12:00AM
837,1,1,Apr 30 2012 12:00AM
838,1,1,Apr 30 2012 12:00AM
839,1,1,Apr 30 2012 12:00AM
840,1,1,Apr 30 2012 12:00AM
841,176,1,Apr 30 2012 12:00AM
842,1,1,Apr 30 2012 12:00AM
843,167,1,Apr 30 2012 12:00AM
844,172,1,Apr 30 2012 12:00AM
845,166,1,Apr 30 2012 12:00AM
846,156,1,Apr 30 2012 12:00AM
847,137,1,Apr 30 2012 12:00AM
848,153,1,Apr 30 2012 12:00AM
849,176,1,Apr 30 2012 12:00AM
850,176,1,Apr 30 2012 12:00AM
851,176,1,Apr 30 2012 12:00AM
852,1,1,Apr 30 2012 12:00AM
853,1,1,Apr 30 2012 12:00AM
854,1,1,Apr 30 2012 12:00AM
855,1,1,Apr 30 2012 12:00AM
856,1,1,Apr 30 2012 12:00AM
857,1,1,Apr 30 2012 12:00AM
858,1,1,Apr 30 2012 12:00AM
859,1,1,Apr 30 2012 12:00AM
860,1,1,Apr 30 2012 12:00AM
861,1,1,Apr 30 2012 12:00AM
862,1,1,Apr 30 2012 12:00AM
863,1,1,Apr 30 2012 12:00AM
864,1,1,Apr 30 2013 12:00AM
865,1,1,Apr 30 2013 12:00AM
866,1,1,Apr 30 2013 12:00AM
867,175,1,Apr 30 2013 12:00AM
868,175,1,Apr 30 2013 12:00AM
869,175,1,Apr 30 2013 12:00AM
870,159,1,Apr 30 2013 12:00AM
871,1,1,Apr 30 2013 12:00AM
872,158,1,Apr 30 2013 12:00AM
873,157,1,Apr 30 2013 12:00AM
874,1,1,Apr 30 2013 12:00AM
875,1,1,Apr 30 2013 12:00AM
876,1,1,Apr 30 2013 12:00AM
877,1,1,Apr 30 2013 12:00AM
878,1,1,Apr 30 2013 12:00AM
879,1,1,Apr 30 2013 12:00AM
880,1,1,Apr 30 2013 12:00AM
881,165,1,Apr 30 2013 12:00AM
882,165,1,Apr 30 2013 12:00AM
883,165,1,Apr 30 2013 12:00AM
884,165,1,Apr 30 2013 12:00AM
885,1,1,Apr 30 2013 12:00AM
886,141,1,Apr 30 2013 12:00AM
887,1,1,Apr 30 2013 12:00AM
888,1,1,Apr 30 2013 12:00AM
889,1,1,Apr 30 2013 12:00AM
890,1,1,Apr 30 2013 12:00AM
891,1,1,Apr 30 2013 12:00AM
892,1,1,Apr 30 2013 12:00AM
893,1,1,Apr 30 2013 12:00AM
894,154,1,Apr 30 2013 12:00AM
895,1,1,Apr 30 2013 12:00AM
896,1,1,Apr 30 2013 12:00AM
897,1,1,Apr 30 2013 12:00AM
898,1,1,Apr 30 2013 12:00AM
899,141,1,Apr 30 2013 12:00AM
900,141,1,Apr 30 2013 12:00AM
901,141,1,Apr 30 2013 12:00AM
902,141,1,Apr 30 2013 12:00AM
903,1,1,Apr 30 2013 12:00AM
904,1,1,Apr 30 2013 12:00AM
905,1,1,Apr 30 2013 12:00AM
906,1,1,Apr 30 2013 12:00AM
907,1,1,Apr 30 2013 12:00AM
908,149,1,Apr 30 2013 12:00AM
909,1,1,Apr 30 2013 12:00AM
910,1,1,Apr 30 2013 12:00AM
911,1,1,Apr 30 2013 12:00AM
912,1,1,Apr 30 2013 12:00AM
913,1,1,Apr 30 2013 12:00AM
914,1,1,Apr 30 2013 12:00AM
915,1,1,Apr 30 2013 12:00AM
916,1,1,Apr 30 2013 12:00AM
917,1,1,Apr 30 2013 12:00AM
918,1,1,Apr 30 2013 12:00AM
919,1,1,Apr 30 2013 12:00AM
920,1,1,Apr 30 2013 12:00AM
921,1,1,Apr 30 2013 12:00AM
922,1,1,Apr 30 2013 12:00AM
923,173,1,Apr 30 2013 12:00AM
924,1,1,Apr 30 2013 12:00AM
925,1,1,Apr 30 2013 12:00AM
926,1,1,Apr 30 2013 12:00AM
927,1,1,Apr 30 2013 12:00AM
928,1,1,Apr 30 2013 12:00AM
929,1,1,Apr 30 2013 12:00AM
930,146,1,Apr 30 2013 12:00AM
931,1,1,Apr 30 2013 12:00AM
932,1,1,Apr 30 2013 12:00AM
933,155,1,Apr 30 2013 12:00AM
934,1,1,Apr 30 2013 12:00AM
935,147,1,Apr 30 2013 12:00AM
936,147,1,Apr 30 2013 12:00AM
937,147,1,Apr 30 2013 12:00AM
938,135,1,Apr 30 2013 12:00AM
939,135,1,Apr 30 2013 12:00AM
940,135,1,Apr 30 2013 12:00AM
941,135,1,Apr 30 2013 12:00AM
942,1,1,Apr 30 2013 12:00AM
943,1,1,Apr 30 2013 12:00AM
944,1,1,Apr 30 2013 12:00AM
945,1,1,Apr 30 2013 12:00AM
946,1,1,Apr 30 2013 12:00AM
947,1,1,Apr 30 2013 12:00AM
948,1,1,Apr 30 2013 12:00AM
949,1,1,Apr 30 2013 12:00AM
950,1,1,Apr 30 2013 12:00AM
951,1,1,Apr 30 2013 12:00AM
952,150,1,Apr 30 2013 12:00AM
953,87,1,Apr 30 2013 12:00AM
954,99,1,Apr 30 2013 12:00AM
955,99,1,Apr 30 2013 12:00AM
956,99,1,Apr 30 2013 12:00AM
957,99,1,Apr 30 2013 12:00AM
958,87,1,Apr 30 2013 12:00AM
959,87,1,Apr 30 2013 12:00AM
960,87,1,Apr 30 2013 12:00AM
961,99,1,Apr 30 2013 12:00AM
962,99,1,Apr 30 2013 12:00AM
963,99,1,Apr 30 2013 12:00AM
964,99,1,Apr 30 2013 12:00AM
965,99,1,Apr 30 2013 12:00AM
966,87,1,Apr 30 2013 12:00AM
967,87,1,Apr 30 2013 12:00AM
968,87,1,Apr 30 2013 12:00AM
969,87,1,Apr 30 2013 12:00AM
970,87,1,Apr 30 2013 12:00AM
971,87,1,Apr 30 2013 12:00AM
972,87,1,Apr 30 2013 12:00AM
973,113,1,Apr 30 2013 12:00AM
974,113,1,Apr 30 2013 12:00AM
975,113,1,Apr 30 2013 12:00AM
976,113,1,Apr 30 2013 12:00AM
977,102,1,Apr 30 2013 12:00AM
978,87,1,Apr 30 2013 12:00AM
979,87,1,Apr 30 2013 12:00AM
980,80,1,Apr 30 2013 12:00AM
981,80,1,Apr 30 2013 12:00AM
982,80,1,Apr 30 2013 12:00AM
983,80,1,Apr 30 2013 12:00AM
984,1,1,Apr 30 2013 12:00AM
985,1,1,Apr 30 2013 12:00AM
986,1,1,Apr 30 2013 12:00AM
987,1,1,Apr 30 2013 12:00AM
988,1,1,Apr 30 2013 12:00AM
989,1,1,Apr 30 2013 12:00AM
990,1,1,Apr 30 2013 12:00AM
991,1,1,Apr 30 2013 12:00AM
992,1,1,Apr 30 2013 12:00AM
993,1,1,Apr 30 2013 12:00AM
994,1,1,Apr 30 2013 12:00AM
995,1,1,Apr 30 2013 12:00AM
996,1,1,Apr 30 2013 12:00AM
997,102,1,Apr 30 2013 12:00AM
998,102,1,Apr 30 2013 12:00AM
999,102,1,Apr 30 2013 12:00AM
